{
  "GET All Activities" : {
    "transaction" : "GET All Activities",
    "sampleCount" : 2,
    "errorCount" : 0,
    "errorPct" : 0.0,
    "meanResTime" : 16193.0,
    "medianResTime" : 16193.0,
    "minResTime" : 16102.0,
    "maxResTime" : 16284.0,
    "pct1ResTime" : 16284.0,
    "pct2ResTime" : 16284.0,
    "pct3ResTime" : 16284.0,
    "throughput" : 0.12281994595922377,
    "receivedKBytesPerSec" : 0.3728976679562761,
    "sentKBytesPerSec" : 0.01979032332350774
  },
  "Total" : {
    "transaction" : "Total",
    "sampleCount" : 2,
    "errorCount" : 0,
    "errorPct" : 0.0,
    "meanResTime" : 16193.0,
    "medianResTime" : 16193.0,
    "minResTime" : 16102.0,
    "maxResTime" : 16284.0,
    "pct1ResTime" : 16284.0,
    "pct2ResTime" : 16284.0,
    "pct3ResTime" : 16284.0,
    "throughput" : 0.12281994595922377,
    "receivedKBytesPerSec" : 0.3728976679562761,
    "sentKBytesPerSec" : 0.01979032332350774
  }
}