{
  "GET All Activities" : {
    "transaction" : "GET All Activities",
    "sampleCount" : 2,
    "errorCount" : 0,
    "errorPct" : 0.0,
    "meanResTime" : 559.5,
    "medianResTime" : 559.5,
    "minResTime" : 499.0,
    "maxResTime" : 620.0,
    "pct1ResTime" : 620.0,
    "pct2ResTime" : 620.0,
    "pct3ResTime" : 620.0,
    "throughput" : 2.002002002002002,
    "receivedKBytesPerSec" : 0.6862331081081081,
    "sentKBytesPerSec" : 0.36951013513513514
  },
  "Total" : {
    "transaction" : "Total",
    "sampleCount" : 2,
    "errorCount" : 0,
    "errorPct" : 0.0,
    "meanResTime" : 559.5,
    "medianResTime" : 559.5,
    "minResTime" : 499.0,
    "maxResTime" : 620.0,
    "pct1ResTime" : 620.0,
    "pct2ResTime" : 620.0,
    "pct3ResTime" : 620.0,
    "throughput" : 2.002002002002002,
    "receivedKBytesPerSec" : 0.6862331081081081,
    "sentKBytesPerSec" : 0.36951013513513514
  }
}