{
  "GET All Activities" : {
    "transaction" : "GET All Activities",
    "sampleCount" : 30,
    "errorCount" : 0,
    "errorPct" : 0.0,
    "meanResTime" : 563.1,
    "medianResTime" : 502.0,
    "minResTime" : 471.0,
    "maxResTime" : 2104.0,
    "pct1ResTime" : 565.7,
    "pct2ResTime" : 1327.949999999999,
    "pct3ResTime" : 2104.0,
    "throughput" : 0.512987124023187,
    "receivedKBytesPerSec" : 0.2599168159316701,
    "sentKBytesPerSec" : 0.0955338325695525
  },
  "Total" : {
    "transaction" : "Total",
    "sampleCount" : 60,
    "errorCount" : 0,
    "errorPct" : 0.0,
    "meanResTime" : 345.51666666666665,
    "medianResTime" : 447.5,
    "minResTime" : 113.0,
    "maxResTime" : 2104.0,
    "pct1ResTime" : 524.0,
    "pct2ResTime" : 567.8499999999998,
    "pct3ResTime" : 2104.0,
    "throughput" : 1.023838370049315,
    "receivedKBytesPerSec" : 0.4628435990904902,
    "sentKBytesPerSec" : 0.2515102949081105
  },
  "Create Activities" : {
    "transaction" : "Create Activities",
    "sampleCount" : 30,
    "errorCount" : 0,
    "errorPct" : 0.0,
    "meanResTime" : 127.93333333333334,
    "medianResTime" : 117.0,
    "minResTime" : 113.0,
    "maxResTime" : 424.0,
    "pct1ResTime" : 128.3,
    "pct2ResTime" : 263.3999999999998,
    "pct3ResTime" : 424.0,
    "throughput" : 0.5310016461051029,
    "receivedKBytesPerSec" : 0.21105241207497744,
    "sentKBytesPerSec" : 0.16199698656565836
  }
}