{
  "GET All Activities" : {
    "transaction" : "GET All Activities",
    "sampleCount" : 30,
    "errorCount" : 0,
    "errorPct" : 0.0,
    "meanResTime" : 807.2666666666665,
    "medianResTime" : 779.0,
    "minResTime" : 472.0,
    "maxResTime" : 1672.0,
    "pct1ResTime" : 1045.6000000000001,
    "pct2ResTime" : 1334.2999999999995,
    "pct3ResTime" : 1672.0,
    "throughput" : 12.190166598943518,
    "receivedKBytesPerSec" : 6.1764304398618455,
    "sentKBytesPerSec" : 2.270180439861845
  },
  "Total" : {
    "transaction" : "Total",
    "sampleCount" : 60,
    "errorCount" : 0,
    "errorPct" : 0.0,
    "meanResTime" : 528.9833333333333,
    "medianResTime" : 479.0,
    "minResTime" : 112.0,
    "maxResTime" : 1672.0,
    "pct1ResTime" : 991.6,
    "pct2ResTime" : 1046.3,
    "pct3ResTime" : 1672.0,
    "throughput" : 23.273855702094647,
    "receivedKBytesPerSec" : 10.521343459076805,
    "sentKBytesPerSec" : 5.701412795771916
  },
  "Create Activities" : {
    "transaction" : "Create Activities",
    "sampleCount" : 30,
    "errorCount" : 0,
    "errorPct" : 0.0,
    "meanResTime" : 250.70000000000002,
    "medianResTime" : 121.5,
    "minResTime" : 112.0,
    "maxResTime" : 690.0,
    "pct1ResTime" : 421.8,
    "pct2ResTime" : 549.7499999999998,
    "pct3ResTime" : 690.0,
    "throughput" : 15.306122448979592,
    "receivedKBytesPerSec" : 6.083585778061225,
    "sentKBytesPerSec" : 4.648636798469388
  }
}