{
  "GET All Activities" : {
    "transaction" : "GET All Activities",
    "sampleCount" : 2,
    "errorCount" : 0,
    "errorPct" : 0.0,
    "meanResTime" : 533.0,
    "medianResTime" : 533.0,
    "minResTime" : 486.0,
    "maxResTime" : 580.0,
    "pct1ResTime" : 580.0,
    "pct2ResTime" : 580.0,
    "pct3ResTime" : 580.0,
    "throughput" : 2.0222446916076846,
    "receivedKBytesPerSec" : 0.6931717644084935,
    "sentKBytesPerSec" : 0.3219002780586451
  },
  "Total" : {
    "transaction" : "Total",
    "sampleCount" : 2,
    "errorCount" : 0,
    "errorPct" : 0.0,
    "meanResTime" : 533.0,
    "medianResTime" : 533.0,
    "minResTime" : 486.0,
    "maxResTime" : 580.0,
    "pct1ResTime" : 580.0,
    "pct2ResTime" : 580.0,
    "pct3ResTime" : 580.0,
    "throughput" : 2.0222446916076846,
    "receivedKBytesPerSec" : 0.6931717644084935,
    "sentKBytesPerSec" : 0.3219002780586451
  }
}