{
  "GET All Activities" : {
    "transaction" : "GET All Activities",
    "sampleCount" : 2,
    "errorCount" : 0,
    "errorPct" : 0.0,
    "meanResTime" : 4167.0,
    "medianResTime" : 4167.0,
    "minResTime" : 3972.0,
    "maxResTime" : 4362.0,
    "pct1ResTime" : 4362.0,
    "pct2ResTime" : 4362.0,
    "pct3ResTime" : 4362.0,
    "throughput" : 0.4585052728106373,
    "receivedKBytesPerSec" : 1.385366517652453,
    "sentKBytesPerSec" : 0.07544740084823476
  },
  "Total" : {
    "transaction" : "Total",
    "sampleCount" : 2,
    "errorCount" : 0,
    "errorPct" : 0.0,
    "meanResTime" : 4167.0,
    "medianResTime" : 4167.0,
    "minResTime" : 3972.0,
    "maxResTime" : 4362.0,
    "pct1ResTime" : 4362.0,
    "pct2ResTime" : 4362.0,
    "pct3ResTime" : 4362.0,
    "throughput" : 0.4585052728106373,
    "receivedKBytesPerSec" : 1.385366517652453,
    "sentKBytesPerSec" : 0.07544740084823476
  }
}