{
  "GET All Activities" : {
    "transaction" : "GET All Activities",
    "sampleCount" : 2,
    "errorCount" : 0,
    "errorPct" : 0.0,
    "meanResTime" : 720.5,
    "medianResTime" : 720.5,
    "minResTime" : 522.0,
    "maxResTime" : 919.0,
    "pct1ResTime" : 919.0,
    "pct2ResTime" : 919.0,
    "pct3ResTime" : 919.0,
    "throughput" : 2.176278563656148,
    "receivedKBytesPerSec" : 6.6074707562568005,
    "sentKBytesPerSec" : 0.40592695865070727
  },
  "Total" : {
    "transaction" : "Total",
    "sampleCount" : 2,
    "errorCount" : 0,
    "errorPct" : 0.0,
    "meanResTime" : 720.5,
    "medianResTime" : 720.5,
    "minResTime" : 522.0,
    "maxResTime" : 919.0,
    "pct1ResTime" : 919.0,
    "pct2ResTime" : 919.0,
    "pct3ResTime" : 919.0,
    "throughput" : 2.176278563656148,
    "receivedKBytesPerSec" : 6.6074707562568005,
    "sentKBytesPerSec" : 0.40592695865070727
  }
}